fold,n_train,n_test,feature_count,train_accuracy,test_accuracy,correct,wrong
1,1525,382,1280,1.0,0.9869109947643979,377,5
2,1525,382,1280,1.0,0.9738219895287958,372,10
3,1526,381,1280,1.0,0.984251968503937,375,6
4,1526,381,1280,1.0,0.9868766404199475,376,5
5,1526,381,1280,1.0,0.9816272965879265,374,7
