seed,n_train,n_test,feature_count,train_accuracy,test_accuracy,correct,wrong
0,1334,573,1280,1.0,0.9912739965095986,568,5
1,1334,573,1280,1.0,0.9755671902268761,559,14
2,1334,573,1280,1.0,0.9825479930191972,563,10
3,1334,573,1280,1.0,0.9895287958115183,567,6
4,1334,573,1280,1.0,0.9842931937172775,564,9
